user_id,username,first_name,last_name,email,created_at
1,daniellejohnson82,Danielle,Johnson,daniellejohnson82@yahoo.com,2024-11-14 09:14:32
2,johntaylor4,John,Taylor,johntaylor4@gmail.com,2024-12-24 09:14:32
3,ericamcclain36,Erica,Mcclain,ericamcclain36@gmail.com,2024-11-22 09:14:32
4,brittanyjohnson29,Brittany,Johnson,brittanyjohnson29@gmail.com,2024-11-15 09:14:32
5,jefferywagner95,Jeffery,Wagner,jefferywagner95@gmail.com,2024-11-13 09:14:32
6,annabaldwin87,Anna,Baldwin,annabaldwin87@hotmail.com,2024-12-24 09:14:32
7,amyrobinson70,Amy,Robinson,amyrobinson70@hotmail.com,2024-11-12 09:14:32
8,joshuabooth76,Joshua,Booth,joshuabooth76@gmail.com,2024-12-04 09:14:32
9,helenpeterson5,Helen,Peterson,helenpeterson5@gmail.com,2024-11-08 09:14:32
10,jasongallagher12,Jason,Gallagher,jasongallagher12@gmail.com,2024-11-20 09:14:32
11,christopherdavis30,Christopher,Davis,christopherdavis30@yahoo.com,2024-12-09 09:14:32
12,cassandraroman78,Cassandra,Roman,cassandraroman78@hotmail.com,2024-11-08 09:14:32
